Node,Body,Motor 1,Motor 2,Motor 3,Motor 4,Motor 5,Motor 6,Motor 7,Motor 8
0,89.99999988401525,-0.20037298770229758,0.029876691427194058,-0.08022179731169995,0.0012341423777049814,-0.20057836722098749,0.029936754548716953,-0.08032733320432281,0.0013134171037416968
11,89.99999988808307,-0.10574197338526566,0.019782836726824557,0.014287048726761729,-0.008616916694331732,-0.10594275760321317,0.019833894247716113,0.014204797315160231,-0.008583243339689217
28,90.00000013735523,-0.05925214068485566,0.13856157832759794,0.01359500442977685,0.20256751056579048,-0.05939505334155577,0.1384992912026346,0.013605042533292809,0.20242044352712874
68,89.9999636619569,3.638977862045534,-3.8844255945610517,5.80902560748039,14.504653631203421,3.639684155850915,-3.886126356630574,5.808943334513542,14.50491066611786
90,90.00000398835718,5.189316753937226,-1.169064476827181,2.6959384601070977,-11.615838969614003,5.189432751508845,-1.1696071083322797,2.696055023853036,-11.616789930081731
108,89.99998707515063,-0.5760611229785372,14.779427346162382,-3.679561489984217,-0.300841766081781,-0.57836515418915,14.781167333509375,-3.6798841543509,-0.30075015694559365
