Node,Body,Motor 1,Motor 2,Motor 3,Motor 4,Motor 5,Motor 6,Motor 7,Motor 8
0,86.51755503405533,10.402488454016623,-3.6478849330869605,9.11160323464426,-2.400988623780417,-28.80583538551225,49.28099097439402,-24.99259989188685,51.61339649424318
11,89.86061746717327,-10.7013183180993,-21.573229610189223,13.455279527517819,-10.440966919611686,-13.607110844708664,20.95099384558161,-9.052436407065416,21.22707049272803
28,92.24357113762248,-19.606201600791046,-7.3118485769193535,26.124641768631747,-25.83552996642644,0.0805035640228864,2.8300156918340065,-9.54468740897128,33.101841570018905
68,88.5198719393499,-2.9274029443166287,-4.609554084321104,18.189055838301943,-50.47948806359685,14.877515744971511,8.957078046592498,-22.532401737802505,18.39661592269015
90,89.75363035293682,4.705332169500654,-5.460000719279892,3.445273979621807,-5.457961751964437,22.584970437413798,7.673642927012958,-9.188711968276374,6.876714594865668
108,87.19223128355486,9.52520279576855,-2.791215925742479,9.476909017668339,-5.170476315582913,-25.435868541266426,45.79532481902206,-23.373506261007943,46.40661373585259
