Node,Body,Motor 1,Motor 2,Motor 3,Motor 4,Motor 5,Motor 6,Motor 7,Motor 8
0,89.8764017574976,4.877097579751328,-1.5143123122687783,4.59684255561798,-0.8591671603028067,4.600587658546823,8.326295304542455,-6.33656196736053,1.0198921106492078
11,89.88524887608483,4.994885354332989,-1.629635743259605,4.6568233731783515,-0.8615687771014694,4.3587732205649825,8.206898549693275,-6.258074367799899,0.9814419746264691
28,89.99298181842785,6.057512817587227,-2.3177794902224576,5.479819571831554,-1.0832899977538448,1.3379088237028902,0.5995382782710822,-5.426335030915695,0.7449367066439113
68,90.0219460660989,5.562953231226789,-0.895524899280211,5.400560283570965,-0.4784303683046621,-6.945672624259625,4.827215358671511,-5.24635940800899,0.8407947495704573
90,90.12665870101908,6.144114926220067,-0.6400894142003422,-4.888680944246702,16.15089486514528,-5.561830817304684,3.500720362912247,-4.465552451827003,0.6913718065082436
108,90.14522312948019,3.423298347845597,7.063155987947826,-3.5292573594871977,-1.4115043063026496,-1.2108891912673423,0.15513826587808133,-2.9634880088607503,2.9215978073705404
