Node,Body,Motor 1,Motor 2,Motor 3,Motor 4,Motor 5,Motor 6,Motor 7,Motor 8
0,89.89881371698458,-0.3584503678094961,-2.879115860016123,-2.312640994234699,0.5875534744773657,-5.183324552834614,1.4456356629843718,5.187873001735358,-0.8596884196173633
11,89.80585038987986,-0.8060335701430903,0.40838150836156173,-1.4920515517056383,1.3903361625593262,-8.10052317302193,9.550860839770811,5.615579092926507,0.7214421485426494
28,89.98915165517174,1.351648182640349,-0.507491092995333,0.9891252454036098,-0.15914103094678086,-1.932121310740084,0.7789732731004594,-0.62051028896819,3.2716528136823633
68,89.99968834237688,3.1015703950656084,-0.3788072873339985,4.622779708759666,-3.717685232715163,-2.6184847217965226,6.082314889232547,-3.122097830365072,0.37496181021685315
90,90.03064120175625,3.904727844476166,-1.263306503474299,6.238296859327727,-6.185336880235946,-2.8381848115202963,7.199498815274992,-2.7403022000720023,0.31500543533542763
108,90.12117450014061,11.55123777155421,-14.121934782570639,2.873971445817391,2.006696679307732,4.096156786773342,-4.786039217015849,-1.793660702236674,0.05629405696894596
