Node,Body,Motor 1,Motor 2,Motor 3,Motor 4,Motor 5,Motor 6,Motor 7,Motor 8
0,89.25266257003351,11.384000157097661,-9.634098293878925,2.879333212039832,-11.946156931022605,-16.971462119881846,10.57282338447448,-16.582276941482064,25.93365017128473
28,90.45939824910236,-10.526480927146503,-10.379882252816886,15.231598065961139,-18.773452399534914,-9.161536667749456,12.615401184523432,2.821660645502066,5.2727931198337945
39,90.74499667553846,-9.090287841405068,-7.553084803622038,15.801320865619992,-12.612999510618524,-2.9663427401016227,7.778712076076113,-4.326441338797191,26.60153986033324
73,89.0580509971295,3.66587887883417,-6.637979738582689,5.83977346768957,-27.693689223345867,10.58406507910907,7.188580978084082,-17.25360743264016,15.16227335849966
96,90.00719330102301,7.044459701836596,-4.6270662847328445,-2.472040826024701,-4.850250171399041,-12.916613796030076,39.78329655115487,-6.1512174319227775,2.2587287131002576
108,89.45596633861625,10.66633052688559,-9.000863180069087,2.0398915033715994,-11.055616757281944,-16.523293870275094,8.947375953982087,-15.32428172263296,22.746145797579594
