Node,Body,Motor 1,Motor 2,Motor 3,Motor 4,Motor 5,Motor 6,Motor 7,Motor 8
0,86.51755503405533,10.402488454016623,-3.6478849330869605,9.11160323464426,-2.400988623780417,-28.80583538551225,49.28099097439402,-24.99259989188685,51.61339649424318
55,89.75891721520222,-9.669851724896146,-2.8917892425538234,9.784591218655006,-0.333605034324255,11.207465511055366,4.344479276903102,-10.060920474765823,-17.242437452980393
64,88.95271047263401,-4.919387437291544,-4.561845055491935,19.064054442400995,-45.81186191919986,13.990317324625883,6.70146638629019,-17.90650786923713,5.700171254748135
74,87.74624057272354,0.04702922341114739,-4.443320173340747,5.624862850406234,-17.451930328777188,14.729236794173257,15.674358548384516,-26.977439048422315,32.61009824235201
82,88.70682852148136,2.662793308281584,-4.559894644964146,1.3476703896616733,-4.446888264877767,22.07924640805062,8.118098402637766,-20.039369764130463,24.638649523963586
92,89.82467376919509,5.054183684798646,-5.1705921565584285,4.125068850387912,-5.815491647416608,22.68940199074779,4.273812591763911,-8.169708374944662,5.863592755103135
