Node,Body,Motor 1,Motor 2,Motor 3,Motor 4,Motor 5,Motor 6,Motor 7,Motor 8
0,90.21669389316301,-7.4026525917369,1.7381583999165828,6.36297093163008,-0.8636276492705328,-2.9777533957421722,1.5057169526924987,-2.4007547382517447,0.3208491455046898
11,90.21929514851617,-7.596323321426545,2.156160550972002,6.397244723862037,-0.8892873375131792,-2.948436810287649,1.489580836841316,-2.3729594319346403,0.3077359838407755
28,90.29378904866735,-10.427377705497653,8.90509936878871,7.082061286130692,-0.9797086320196128,-1.950469659515522,0.7770204300580742,-1.638438508563702,0.111563610070145
68,90.00487794231067,3.445382234809262,-11.340496670080448,-2.3336578288234673,0.53591382584025,2.2343034098035375,-0.46450509610844837,2.510459829421681,-1.0590784421406305
90,90.00644389188511,-3.2733336143131346,1.8157590447534582,-1.897701892565959,-0.33500332637563457,2.2715635726017265,-0.5521174761116225,2.2671544584805554,-0.5969353876540668
108,90.00651695982418,-4.965307700945103,5.078104083435211,-2.484207418695999,0.7984677350139648,2.212176426331642,-0.4493673848656814,2.183435546916352,-0.44623986087268314
