Node timesteps,Torque Hip 1,Torque Knee 1,Torque Hip 2,Torque Knee 2,Torque Hip 3,Torque Knee 3,Torque Hip 4,Torque Knee 4,Foot 1 lift,Foot 2 lift,Foot 3 lift,Foot 4 lift
0.2937230592550578,0.0004922390678385985,-0.0007554230394504093,-0.00042657922784568634,0.0009215791909375467,7.499457133618166e-05,-4.389198826405898e-05,1.1183500380973221e-05,5.720416290063227e-05,1.2993080387267612e-05,1.524152725492501e-05,1.0531772422745035e-05,0.00010088060894712537
0.2698535130341711,0.00011814017441836941,-0.00015617656709696745,0.0003901711416428862,-0.0007275554662352224,0.0001354894133253284,-0.00018950786347310432,1.440899344324939e-05,-0.002864934180733541,7.576559393102528e-06,0.001788690657604325,6.925977797122664e-06,0.0024820918922457812
0.2490153015838434,-0.00010351608511587868,0.0001690425643738077,1.2518943615597734e-05,-5.324762396462508e-05,-0.00023030130014941452,0.00041897645018663905,-0.002543776740292322,0.004189589930031385,9.025653244807804e-06,5.130069861546748e-05,8.240471765915972e-06,0.001580208924773229
0.21501811983286884,-0.0009425423024584597,0.001199139042059769,-0.00011922317719945763,0.0002555310378248339,0.0003584350340561425,-0.00017175250697595666,-0.00011436006895488863,0.0002470825186118448,0.0016019793073550135,6.129417891981762e-06,0.002679701423800208,4.5915155610852395e-06
0.010275815637324518,4.045122008982737e-06,-1.5693672628106632e-05,1.3983987002405694e-05,-2.1263985356467125e-05,3.774876330040709e-06,-1.7040518772098109e-06,4.123593580199788e-06,-2.2808911591926986e-06,0.0014905349769711697,4.418310251488397e-05,0.002716713296460071,1.0551647921114001e-05
