Node timesteps,Torque Hip 1,Torque Knee 1,Torque Hip 2,Torque Knee 2,Torque Hip 3,Torque Knee 3,Torque Hip 4,Torque Knee 4,Foot 1 lift,Foot 2 lift,Foot 3 lift,Foot 4 lift
0.29885305304219395,-2.7643020339961655e-05,3.5165803994896734e-05,3.145699848811e-05,-8.010089383385296e-05,-3.894462894281887e-05,5.8014462847746265e-05,-0.00020602490263578482,0.0003890097729993665,9.512471431824549e-06,2.004123316145369e-05,1.1816841117522486e-05,7.509758686671991e-05
0.294977294168549,6.374093758784955e-05,-7.80633807995278e-05,6.117936006444718e-05,-0.00012004527864949528,0.0004368215487588312,-0.0003735746004442977,4.8835730017762124e-05,-4.868567427014402e-05,7.163070076084925e-06,0.0010115729934483224,0.003428941924011572,5.172011107078612e-06
0.24997647203153425,-2.412110181973655e-05,1.616270677397907e-05,1.273605815361055e-05,-5.3511355364783827e-05,-0.0013114944581778618,0.0024846030785546547,-0.00010586218050066307,0.00017667145747891588,7.179719775739275e-06,2.296677453765123e-05,0.0014584425325906483,8.286779903455947e-06
0.20010326490528846,-3.516455533408812e-05,8.687273126700675e-05,-5.440132447328038e-05,9.992392456464183e-05,1.9689697797625977e-05,-4.4820174476683855e-05,-0.000180417250133795,7.625335704050905e-05,0.0025819266198952484,7.202592196392442e-06,5.6684547032511535e-06,0.0013401949739878048
0.030893695013633496,4.020344712446861e-06,-0.00010213669057928871,-7.93896021924971e-05,0.00011549463429174718,-0.00011000347266874252,0.00017866793542529148,0.0001388209526607521,-0.0006328257263017381,0.0012011845912029927,5.645366446917595e-05,2.7139708286776312e-05,0.0006373347257502346
