Node timesteps,Torque Hip 1,Torque Knee 1,Torque Hip 2,Torque Knee 2,Torque Hip 3,Torque Knee 3,Torque Hip 4,Torque Knee 4
0.29999933686972186,0.011557949079893128,0.004431996650937379,0.013101012172727262,-0.01798852783829384,-0.013104256850959456,0.03538936351942789,-0.012620923110189088,0.03446634315410455
0.11087718773704917,0.3029615845023674,-0.5370065677959367,-0.016667328805091523,-0.09585134244211245,-0.09522898379784697,-0.07860401608366012,-0.09453581576322306,-0.07829569528942355
0.289123508212199,0.046876415108524784,-0.0824191594914567,0.0057215101723281985,0.004706894740116301,-0.021051109998321833,0.053793533357724056,-0.02052229110838189,0.05276139041850877
0.29999998427848845,0.02081585565905016,-0.02240172677028403,-0.07076825339903928,0.13935454619766427,-0.009716684514970488,0.02844837948324844,-0.009309689556760545,0.0276454959056649
0.045744996550978155,-0.007654145986555541,0.01382491422415289,0.019884915359336574,-0.03946226243352781,-0.016775008174494937,0.025895411160313526,-0.01500818600998556,0.022989655323154945
