Node timesteps,Torque Hip 1,Torque Knee 1,Torque Hip 2,Torque Knee 2,Torque Hip 3,Torque Knee 3,Torque Hip 4,Torque Knee 4,Foot 1 lift,Foot 2 lift,Foot 3 lift,Foot 4 lift
0.2999888078637154,-0.00028918093159984045,0.0002739517037447049,-0.0016853732674749484,0.0027550047984923635,-0.00022193088117224271,0.0001443199894590396,-0.001288462390871281,0.0020218938959633173,1.4167961623835963e-05,2.731844174805961e-05,1.3586856022739008e-05,1.5882304944033537e-05
0.2999646791155644,9.39289664113231e-05,-0.00018736841850840045,-0.0007724422342268259,-0.0016079010902677173,-3.6015184587466704e-05,6.691772539561423e-05,0.0012790739107477866,-0.0016360709029231712,6.148265493648075e-06,0.001026612621690223,7.19271369574824e-06,0.002393091287157591
0.2998015776359718,-0.0001767919372541663,0.00021638932045091918,-4.635599862548333e-05,-2.5198671654414e-05,-0.00014770799662382517,0.00015778167274771345,-0.00042350854080527877,0.0006646857714476932,1.3418746077312363e-05,2.2010757788284743e-05,1.0241187153078475e-05,4.3698327920510035e-05
0.24131476283926606,-0.0008708068383074401,0.0008597778728668199,-0.0004998685589362113,0.00041514044127156,-0.00021790132537281504,-0.002033112176502773,-0.0008687044157475163,0.0011312542667780922,0.0016674569769388186,7.763029434454758e-06,0.0021828717495830266,7.834331986268647e-06
0.026489799959685645,-1.5746370300151329e-06,1.3302986149365329e-05,-2.862993244003463e-06,6.973300834237896e-06,1.1593056035479636e-05,-3.5632478065012e-05,-1.1625159551392922e-05,2.3919954093967168e-05,0.0010645227398837812,1.5669442801689052e-05,0.001960884719650327,2.9914011256623484e-05
