Node timesteps,Torque Hip 1,Torque Knee 1,Torque Hip 2,Torque Knee 2,Torque Hip 3,Torque Knee 3,Torque Hip 4,Torque Knee 4,Foot 1 lift,Foot 2 lift,Foot 3 lift,Foot 4 lift
0.2931959325302075,-0.00043540542545644236,0.0009389728318989532,0.00048700707604164186,-0.0007457732938067601,-6.580148951841003e-07,7.913469449075983e-05,7.376335976224982e-05,-4.1314690908993284e-05,1.52409396763639e-05,1.2985887683145567e-05,0.00010114068314608505,1.052929823483431e-05
0.269971069237074,0.00041586507631013515,-0.0007768737102520046,0.0001198239404895516,-0.00015822393421389456,-2.444278368412181e-07,-0.0028589269056763875,0.00013620613003053556,-0.0001896555342839091,0.001801074535145777,7.5893145359519196e-06,0.0024976071764585108,6.9290258806839875e-06
0.24987084734619455,1.4138319677910512e-05,-5.3404500173576275e-05,-0.00010377535741322396,0.0001724424931960928,-0.002542173825153526,0.004172706575310902,-0.00023165144921978754,0.0004245361608879924,4.9917508860420296e-05,9.054674817534036e-06,0.001583185889114386,8.243734016632608e-06
0.21416551980377274,-0.00012190429704120664,0.000264069613139667,-0.0009282375517173553,0.00119922339633586,-0.00011147269364648028,0.00024474694497486014,0.00035782988623521834,-0.00017194862950804785,6.412961917113985e-06,0.0015834554437169125,4.633010018081303e-06,0.002706801830654342
0.01787785329765652,2.079066229090017e-06,-5.203941931172843e-06,2.5013539905683813e-05,-0.0002320314594318142,-1.8534690804633662e-06,2.4725301043760483e-06,-7.072876941488815e-07,8.391079151529481e-07,1.6435496585791477e-05,0.0012026091005310354,9.951969024532086e-06,0.00314787137957136
