Node timesteps,Torque Hip 1,Torque Knee 1,Torque Hip 2,Torque Knee 2,Torque Hip 3,Torque Knee 3,Torque Hip 4,Torque Knee 4,Foot 1 lift,Foot 2 lift,Foot 3 lift,Foot 4 lift
0.24293669187951647,-3.6185463145864643e-06,3.591996291177474e-06,3.333613200140162e-05,-6.89350559322536e-05,5.254570446160976e-06,-1.3899133880037444e-05,-0.00039997158699071195,0.0007222795351785947,6.140055846660269e-06,0.00016191658890011743,7.964359601315507e-06,0.0014186275465456414
0.2997764719589842,1.3341683021636054e-05,-1.725111659745965e-05,-4.266044489823289e-05,4.366244559347182e-06,2.3405647295686012e-05,-0.00035868763998528596,-1.7837438160520696e-07,9.200063089984283e-06,6.178407280021134e-06,0.00045953271285936753,0.003028448557067702,6.0920921030668905e-06
0.19389431051129258,9.688292190757757e-05,-0.00019759135592424594,-2.159453228914138e-06,9.075232186307751e-06,-0.0003533760865202338,0.0007470926763370648,7.602422367810892e-06,-1.0054832811697521e-05,0.0013200179317328607,6.118421066166679e-06,0.0015572250902641058,7.184656013504251e-06
0.2635533166764527,-5.595366383672328e-05,9.199802508172813e-05,4.5643050360143315e-06,-2.083567839163201e-06,-3.1892790331938036e-05,6.922516520808505e-05,0.0001645847606916849,-0.00017930154416334265,0.002098750233705955,5.879099082211169e-06,5.48909647976045e-06,0.0031325951289303284
0.017950414650863205,2.9902034212481012e-05,-0.0002661084877538797,4.428590353837286e-06,-7.529888908061451e-06,-2.5575693010635086e-06,6.1431106099225505e-06,1.7067617826627874e-06,-6.415304180997692e-06,0.002246341582562898,1.0700391743982376e-05,1.579484299494764e-05,0.0046229693857343995
